City_ID,City,Country,Lat,Lng,Max Temp,Humidity,Cloudiness,Wind Speed,Current Description
0,Pisco,PE,-13.7,-76.2167,62.02,82,0,13.8,clear sky
1,Westport,US,41.1415,-73.3579,55.26,84,90,3.0,overcast clouds
2,Hithadhoo,MV,-0.6,73.0833,82.96,70,73,13.33,broken clouds
3,Rocha,UY,-34.4833,-54.3333,63.03,76,0,5.91,clear sky
4,Cape Town,ZA,-33.9258,18.4232,61.12,87,20,1.01,few clouds
5,Ponta Do Sol,PT,32.6667,-17.1,68.72,66,25,4.21,scattered clouds
6,Ushuaia,AR,-54.8,-68.3,46.06,53,0,0.0,clear sky
7,Khandyga,RU,62.6667,135.6,30.43,86,100,9.15,overcast clouds
8,Kavieng,PG,-2.5744,150.7967,85.5,68,31,7.99,scattered clouds
9,San Vicente De Canete,PE,-13.0751,-76.3835,63.88,84,15,4.52,few clouds
10,Busselton,AU,-33.65,115.3333,59.04,47,94,8.16,overcast clouds
11,Raga,SS,8.4596,25.678,70.43,82,80,2.64,broken clouds
12,Clyde River,CA,70.4692,-68.5914,27.43,83,100,2.91,overcast clouds
13,Upernavik,GL,72.7868,-56.1549,19.99,77,34,4.88,scattered clouds
14,Winnemucca,US,40.973,-117.7357,51.12,76,1,4.61,clear sky
15,Lorengau,PG,-2.0226,147.2712,83.48,75,100,5.28,overcast clouds
16,Berbera,SO,10.4396,45.0143,79.3,53,11,3.98,few clouds
17,Arraial Do Cabo,BR,-22.9661,-42.0278,71.35,93,99,12.88,overcast clouds
18,Rikitea,PF,-23.1203,-134.9692,74.52,75,12,3.58,few clouds
19,Vila Velha,BR,-20.3297,-40.2925,73.35,88,75,3.44,broken clouds
20,Salalah,OM,17.0151,54.0924,71.69,60,0,3.44,clear sky
21,Marawi,PH,7.9986,124.2928,75.65,60,52,3.78,broken clouds
22,Iracoubo,GF,5.4802,-53.2011,77.41,88,58,7.65,broken clouds
23,Mataura,NZ,-46.1927,168.8643,72.01,44,17,1.45,few clouds
24,Avarua,CK,-21.2078,-159.775,75.25,69,40,10.36,scattered clouds
25,Georgetown,MY,5.4112,100.3354,89.53,70,20,1.99,few clouds
26,Vaasa,FI,63.096,21.6158,37.94,100,90,5.75,fog
27,Puerto Ayora,EC,-0.7393,-90.3518,68.56,93,45,1.99,scattered clouds
28,Victoria,HK,22.2855,114.1577,83.03,76,64,4.0,broken clouds
29,Saskylakh,RU,71.9167,114.0833,-2.09,98,100,6.93,overcast clouds
30,Salinopolis,BR,-0.6136,-47.3561,79.43,82,56,9.26,broken clouds
31,Punta Arenas,CL,-53.15,-70.9167,46.51,66,0,4.61,clear sky
32,Hilo,US,19.7297,-155.09,80.28,78,90,5.75,overcast clouds
33,Broome,US,42.2506,-75.833,45.61,77,1,1.99,clear sky
34,Avera,US,33.194,-82.5271,55.27,49,53,6.31,broken clouds
35,Buchanan,LR,5.8808,-10.0467,76.46,90,84,3.89,light rain
36,Vaini,TO,-21.2,-175.2,80.76,78,20,11.5,few clouds
37,Bharatpur,IN,27.2167,77.4833,75.81,42,0,4.36,clear sky
38,Chuy,UY,-33.6971,-53.4616,63.14,88,0,5.73,light rain
39,Fare,PF,-16.7,-151.0167,80.15,78,52,8.86,light rain
40,Khatanga,RU,71.9667,102.5,0.84,95,100,9.08,overcast clouds
41,East London,ZA,-33.0153,27.9116,66.83,82,100,21.79,overcast clouds
42,Mapiripan,CO,2.8892,-72.1256,70.74,96,100,3.29,light rain
43,Srednekolymsk,RU,67.45,153.6833,-1.03,94,40,1.99,scattered clouds
44,Nikolskoye,RU,59.7035,30.7861,44.87,94,100,8.55,overcast clouds
45,Albany,US,42.6001,-73.9662,47.41,84,81,3.83,broken clouds
46,Saint-Philippe,RE,-21.3585,55.7679,77.49,71,11,6.55,few clouds
47,Tuktoyaktuk,CA,69.4541,-133.0374,28.4,100,90,5.75,overcast clouds
48,Kochevo,RU,59.5994,54.3125,33.24,97,100,8.46,light snow
49,Chokurdakh,RU,70.6333,147.9167,6.15,89,100,4.99,overcast clouds
50,Kaitangata,NZ,-46.2817,169.8464,61.74,70,20,9.69,few clouds
51,Flinders,AU,-34.5833,150.8552,89.8,56,93,1.99,overcast clouds
52,Nechi,CO,8.0942,-74.7757,74.25,94,66,1.86,light rain
53,Katsuura,JP,35.1333,140.3,69.84,63,43,18.3,scattered clouds
54,Lebu,CL,-37.6167,-73.65,51.89,91,4,12.68,clear sky
55,Carnarvon,AU,-24.8667,113.6333,71.67,35,60,20.71,broken clouds
56,Bluff,NZ,-46.6,168.3333,56.68,82,18,10.33,few clouds
57,New Norfolk,AU,-42.7826,147.0587,66.76,51,29,3.0,scattered clouds
58,Hadejia,NG,12.4498,10.0444,78.66,22,70,6.24,broken clouds
59,Saint-Pierre,RE,-21.3393,55.4781,77.58,55,0,5.75,clear sky
60,Alofi,NU,-19.0595,-169.9187,78.69,61,40,17.27,scattered clouds
61,Saldanha,ZA,-33.0117,17.9442,58.77,95,61,12.19,broken clouds
62,Yelizovo,RU,53.1873,158.3805,48.34,53,0,2.24,clear sky
63,Yellowknife,CA,62.456,-114.3525,38.41,100,90,4.61,light rain
64,Cayenne,GF,4.9333,-52.3333,81.09,84,0,3.0,clear sky
65,Jamestown,US,42.097,-79.2353,46.04,92,1,1.01,clear sky
66,Hermanus,ZA,-34.4187,19.2345,60.91,91,59,1.81,broken clouds
67,Fereydun Kenar,IR,36.6864,52.5225,55.76,72,1,9.51,clear sky
68,Saint George,US,37.1041,-113.5841,61.36,55,1,1.01,clear sky
69,Dikson,RU,73.5069,80.5464,2.95,95,57,6.78,broken clouds
70,Sao Joao Da Barra,BR,-21.6403,-41.0511,72.52,91,24,8.9,few clouds
71,Port Alfred,ZA,-33.5906,26.891,67.48,82,100,22.24,overcast clouds
72,Qaanaaq,GL,77.484,-69.3632,21.78,94,100,9.17,overcast clouds
73,Castro,BR,-24.7911,-50.0119,60.8,97,100,8.25,overcast clouds
74,Asau,RO,46.4333,26.4,44.76,83,27,4.27,scattered clouds
75,Ambunti,PG,-4.2365,142.8448,86.41,77,97,2.82,overcast clouds
76,Acarau,BR,-2.8856,-40.12,79.54,81,37,16.87,scattered clouds
77,Norman Wells,CA,65.282,-126.8329,23.04,86,90,4.61,light snow
78,Yulara,AU,-25.2406,130.9889,93.04,8,40,17.27,scattered clouds
79,Prince Rupert,CA,54.3161,-130.3201,47.89,78,100,13.8,light rain
80,Champerico,GT,14.3,-91.9167,84.04,82,83,4.72,broken clouds
81,Hervey Bay,AU,-25.2986,152.8535,85.03,72,0,14.32,clear sky
82,Oshawa,CA,43.9001,-78.8496,53.74,73,1,1.99,clear sky
83,Isangel,VU,-19.55,169.2667,82.51,78,100,6.91,overcast clouds
84,Hamilton,US,39.1834,-84.5333,50.99,86,90,1.99,overcast clouds
85,Independencia,BR,-5.3964,-40.3086,78.53,47,5,9.75,clear sky
86,Coihaique,CL,-45.5752,-72.0662,55.35,54,0,3.44,clear sky
87,Tasiilaq,GL,65.6145,-37.6368,32.16,69,45,6.73,scattered clouds
88,Egvekinot,RU,66.3167,-179.1667,1.78,90,97,3.2,overcast clouds
89,Kieta,PG,-6.2167,155.6333,84.18,73,95,4.21,light rain
90,Yar-Sale,RU,66.8333,70.8333,16.05,88,100,14.47,overcast clouds
91,Moerai,PF,-22.4333,-151.3333,70.77,84,100,20.42,light rain
92,Provideniya,RU,64.3833,-173.3,19.51,68,75,2.24,broken clouds
93,Iseyin,NG,7.9667,3.6,71.46,98,59,3.0,broken clouds
94,Iqaluit,CA,63.7506,-68.5145,29.93,80,40,3.0,scattered clouds
95,Magole,TZ,-6.3667,37.3667,68.83,78,67,0.81,broken clouds
96,Tiksi,RU,71.6872,128.8694,7.12,94,95,2.28,overcast clouds
97,Mount Gambier,AU,-37.8333,140.7667,55.31,94,90,18.41,light intensity shower rain
98,Micheweni,TZ,-4.9667,39.8333,78.08,75,42,5.14,scattered clouds
99,Rio Verde De Mato Grosso,BR,-18.9181,-54.8442,73.51,77,80,5.82,broken clouds
100,Talnakh,RU,69.4865,88.3972,-9.26,99,99,2.82,overcast clouds
101,Waingapu,ID,-9.6567,120.2641,89.85,59,87,12.97,overcast clouds
102,Karratha,AU,-20.7377,116.8463,88.38,24,64,9.28,broken clouds
103,Thompson,CA,55.7435,-97.8558,41.16,100,90,3.44,light intensity drizzle
104,Hobart,AU,-42.8794,147.3294,68.11,65,75,1.01,broken clouds
105,Alihe,CN,50.5667,123.7167,48.06,40,39,4.92,scattered clouds
106,Tuatapere,NZ,-46.1333,167.6833,58.57,76,36,6.35,scattered clouds
107,Aginskoye,RU,51.1,114.53,46.99,43,29,3.38,scattered clouds
108,Codrington,AU,-38.2667,141.9667,55.18,88,100,17.98,light rain
109,Masaurhi,IN,25.3509,85.0342,75.09,49,0,5.12,clear sky
110,Hanmer Springs,NZ,-42.5167,172.8167,60.15,79,100,3.69,moderate rain
111,Cidreira,BR,-30.1811,-50.2056,67.33,92,0,12.57,clear sky
112,Kruisfontein,ZA,-34.0033,24.7314,67.33,76,100,6.91,overcast clouds
113,Ilulissat,GL,69.2167,-51.1,17.62,49,20,3.44,few clouds
114,Okha,RU,53.5739,142.9478,41.07,84,100,11.65,overcast clouds
115,Shelburne,CA,44.0787,-80.2041,46.85,86,2,6.22,clear sky
116,Kapaa,US,22.0752,-159.319,80.58,79,40,12.66,scattered clouds
117,Dingle,PH,10.9995,122.6711,85.1,75,76,12.93,broken clouds
118,Souillac,MU,-20.5167,57.5167,77.36,88,40,5.75,scattered clouds
119,Esperance,AU,-33.8667,121.9,55.24,66,60,20.92,broken clouds
120,Seoul,KR,37.5683,126.9778,62.17,37,0,5.75,clear sky
121,Gizo,SB,-8.103,156.8419,85.03,69,37,6.96,light rain
122,Sabha,LY,27.0377,14.4283,68.23,43,88,11.21,overcast clouds
123,Bredasdorp,ZA,-34.5322,20.0403,61.92,94,84,3.44,broken clouds
124,Mar Del Plata,AR,-38.0023,-57.5575,66.22,91,0,11.01,light rain
125,Pyinmana,MM,19.7333,96.2167,83.8,73,30,4.68,scattered clouds
126,Kuusamo,FI,65.9667,29.1833,26.64,86,75,8.05,broken clouds
127,Roma,US,43.2128,-75.4557,45.66,87,1,4.61,clear sky
128,Partapur,IN,23.6,74.1667,78.8,39,0,7.67,clear sky
129,Riyadh,SA,24.6877,46.7219,78.94,20,86,10.58,overcast clouds
130,Andenes,NO,69.3143,16.1194,35.58,87,75,28.77,light rain
131,Tilichiki,RU,60.4667,166.1,5.47,83,25,7.52,scattered clouds
132,Dauphin,CA,51.1494,-100.0502,42.94,87,1,8.05,light rain
133,Luanda,AO,-8.8368,13.2343,75.2,83,75,5.75,broken clouds
134,Bilibino,RU,68.0546,166.4372,-16.51,97,33,3.56,scattered clouds
135,Longyearbyen,SJ,78.2186,15.6401,19.24,73,40,8.05,scattered clouds
136,Bubaque,GW,11.2833,-15.8333,81.3,76,61,5.95,moderate rain
137,Daru,PG,-9.0763,143.2092,83.1,79,95,13.4,overcast clouds
138,Manbij,SY,36.5281,37.9549,54.37,26,80,5.32,broken clouds
139,Terdal,IN,16.5,75.05,78.64,43,22,13.09,few clouds
140,Pemangkat,ID,1.1667,108.9667,84.72,69,75,3.56,broken clouds
141,Bambous Virieux,MU,-20.3428,57.7575,77.22,88,40,5.75,scattered clouds
142,Ribeira Grande,PT,38.5167,-28.7,68.38,73,100,21.92,overcast clouds
143,Vestmannaeyjar,IS,63.4427,-20.2734,42.53,75,89,12.12,overcast clouds
144,Ayr,GB,55.4627,-4.6339,58.1,100,90,4.61,moderate rain
145,Nioro,GM,13.35,-15.75,78.15,83,91,4.72,overcast clouds
146,San Luis,AR,-33.295,-66.3356,72.86,25,40,11.01,scattered clouds
147,Syracuse,IT,37.0881,15.2792,66.25,75,64,20.54,broken clouds
148,San Clemente,US,33.427,-117.612,77.22,56,0,1.01,clear sky
149,Olafsvik,IS,64.8945,-23.7142,39.49,90,100,27.89,light rain
150,Mana,GF,5.6592,-53.7767,77.52,89,45,6.93,scattered clouds
151,Airai,TL,-8.9266,125.4092,80.55,42,99,3.65,overcast clouds
152,Kaduqli,SD,11.0167,29.7167,75.69,53,59,1.43,broken clouds
153,San Cristobal,VE,7.7669,-72.225,68.18,99,100,2.77,overcast clouds
154,Namatanai,PG,-3.6667,152.4333,85.71,67,54,5.91,broken clouds
155,Goiania,BR,-16.6786,-49.2539,77.63,78,75,5.75,light rain
156,Sorong,ID,-0.8833,131.25,83.41,79,15,7.94,few clouds
157,Aksarka,RU,66.5606,67.7975,18.55,88,100,15.03,light snow
158,Barrow,US,71.2906,-156.7887,23.02,80,90,0.0,overcast clouds
159,Sept-Iles,CA,50.2001,-66.3821,28.83,100,1,3.44,clear sky
160,Haines Junction,CA,60.7522,-137.5108,30.15,80,100,0.0,overcast clouds
161,Bethel,US,41.3712,-73.414,52.56,82,40,1.01,scattered clouds
162,Nyrob,RU,60.733,56.7202,32.54,98,100,7.47,light snow
163,Marsabit,KE,2.3284,37.9899,63.9,72,12,17.6,few clouds
164,Minab,IR,27.1467,57.0801,76.5,69,11,0.81,few clouds
165,Samarai,PG,-10.6167,150.6667,83.39,73,98,11.81,overcast clouds
166,Nhulunbuy,AU,-12.2333,136.7667,92.01,55,40,11.5,scattered clouds
167,Reconquista,AR,-29.15,-59.65,73.44,50,78,9.06,broken clouds
168,Vila Franca Do Campo,PT,37.7167,-25.4333,68.41,82,99,11.97,overcast clouds
169,Omachi,JP,36.5,137.8667,62.49,59,8,5.32,clear sky
170,Boysun,UZ,38.2061,67.1986,50.25,48,100,4.25,overcast clouds
171,Sitka,US,57.0531,-135.33,37.29,87,90,13.8,heavy intensity rain
172,Safaga,EG,26.7292,33.9365,69.75,42,0,10.31,clear sky
173,Paamiut,GL,61.994,-49.6678,31.55,72,96,18.32,overcast clouds
174,Ouadda,CF,8.0777,22.4007,68.4,89,97,3.13,overcast clouds
175,Meulaboh,ID,4.1363,96.1285,83.39,70,71,3.58,broken clouds
176,Vardo,NO,70.3705,31.1107,26.8,53,100,14.97,overcast clouds
177,Akyab,MM,20.15,92.9,83.25,71,64,4.25,broken clouds
178,Hofn,IS,64.2539,-15.2082,41.79,76,63,11.03,broken clouds
179,Saint-Georges,GD,12.0564,-61.7485,80.28,83,40,8.05,scattered clouds
180,Geraldton,AU,-28.7667,114.6,68.41,45,90,12.66,overcast clouds
181,Leningradskiy,RU,69.3833,178.4167,10.11,92,100,19.1,light snow
182,Isla Mujeres,MX,21.2311,-86.731,84.16,78,11,14.47,few clouds
183,Helong,CN,42.5397,128.9972,52.21,31,0,8.08,clear sky
184,Labuhan,ID,-6.8844,112.2051,87.94,63,99,7.47,light rain
185,Baikunthpur,IN,23.25,82.55,74.12,49,0,5.91,clear sky
186,Honiara,SB,-9.4333,159.95,85.23,71,35,4.36,scattered clouds
187,Marzuq,YE,14.4,46.4667,70.97,32,2,1.86,clear sky
188,Lavrentiya,RU,65.5833,-171.0,14.23,73,97,8.01,overcast clouds
189,Popondetta,PG,-8.7537,148.2534,90.09,53,45,8.21,scattered clouds
190,Grindavik,IS,63.8424,-22.4338,37.87,87,0,10.36,clear sky
191,Beloha,MG,-25.1667,45.05,66.45,63,86,17.36,overcast clouds
192,Port Elizabeth,ZA,-33.918,25.5701,62.89,94,0,13.8,clear sky
193,Harper,LR,4.375,-7.7169,76.68,89,82,4.61,broken clouds
194,Guasdualito,VE,7.2424,-70.7324,71.49,98,96,0.89,overcast clouds
195,Astoria,US,46.1879,-123.8313,52.02,94,90,1.99,mist
196,Beachwood,US,41.4645,-81.5087,52.36,94,1,3.44,clear sky
197,Hollins,US,37.3413,-79.9431,54.09,90,1,4.61,clear sky
198,Nador,MA,35.174,-2.9287,64.65,77,40,6.91,scattered clouds
199,Port Lincoln,AU,-34.7333,135.8667,64.17,81,52,8.25,light rain
200,Roald,NO,62.5833,6.1333,55.33,93,90,6.91,overcast clouds
201,Alamos,MX,27.0167,-108.9333,71.71,45,0,1.68,clear sky
202,Pangkalanbuun,ID,-2.6833,111.6167,90.54,58,98,1.41,light rain
203,Ukiah,US,39.1502,-123.2078,62.87,90,1,0.0,clear sky
204,Te Anau,NZ,-45.4167,167.7167,65.66,60,24,3.76,few clouds
205,Anadyr,RU,64.75,177.4833,-5.01,83,0,8.95,clear sky
206,La Cruz,MX,23.9167,-106.9,76.46,87,1,1.01,clear sky
207,Wuwei,CN,37.9281,102.6414,53.28,23,2,2.66,clear sky
208,Kuching,MY,1.55,110.3333,75.42,100,40,5.75,heavy intensity rain
209,Zaraza,VE,9.3503,-65.3245,71.13,99,100,2.48,overcast clouds
210,Licheng,CN,23.2955,113.8284,80.53,60,99,4.76,overcast clouds
211,Atuona,PF,-9.8,-139.0333,78.03,70,0,15.68,clear sky
212,Sao Filipe,CV,14.8961,-24.4956,78.91,77,100,7.83,overcast clouds
213,Mount Isa,AU,-20.7333,139.5,98.37,26,75,16.11,broken clouds
214,Husavik,IS,66.0449,-17.3389,31.91,95,100,4.36,overcast clouds
215,Caraguatatuba,BR,-23.6338,-45.4899,74.39,99,100,1.79,moderate rain
216,Ramgarh,IN,23.6333,85.5167,75.25,52,3,6.38,clear sky
217,Itaituba,BR,-4.2761,-55.9836,77.16,94,20,0.0,few clouds
218,Cabo San Lucas,MX,22.8909,-109.9124,79.52,74,15,2.77,few clouds
219,Faanui,PF,-16.4833,-151.75,81.16,73,56,8.1,light rain
220,Kodiak,US,57.79,-152.4072,38.32,91,94,10.6,moderate rain
221,Mindelo,CV,16.8901,-24.9804,76.55,78,75,23.02,broken clouds
222,Lompoc,US,34.6391,-120.4579,71.49,58,1,9.22,clear sky
223,Thinadhoo,MV,0.5333,72.9333,82.13,75,42,12.1,scattered clouds
224,Saint-Francois,FR,46.4154,3.9054,39.67,99,40,2.3,scattered clouds
225,Bengkulu,ID,-3.8004,102.2655,85.06,61,99,1.23,overcast clouds
226,Milkovo,RU,54.7167,158.6167,35.01,85,90,1.9,overcast clouds
227,Severo-Kurilsk,RU,50.6789,156.125,44.02,87,57,9.53,broken clouds
228,Maragogi,BR,-9.0122,-35.2225,75.29,80,4,6.26,clear sky
229,Tezu,IN,27.9167,96.1667,80.89,37,5,3.06,clear sky
230,Canico,PT,32.6333,-16.85,68.72,76,20,4.61,few clouds
231,Makurdi,NG,7.7411,8.5121,73.99,96,59,4.05,broken clouds
232,Coquimbo,CL,-29.9533,-71.3436,53.33,93,0,6.91,clear sky
233,Hambantota,LK,6.1241,81.1185,80.94,94,20,5.75,light rain
234,Saint-Augustin,CA,51.226,-58.6502,36.86,82,6,4.5,clear sky
235,Xuddur,SO,4.1213,43.8894,73.29,81,0,10.65,clear sky
236,Nizhniy Tsasuchey,RU,50.5167,115.1333,49.32,36,12,2.37,few clouds
237,Touros,BR,-5.1989,-35.4608,76.1,77,6,14.47,clear sky
238,Toora-Khem,RU,52.4675,96.11,37.6,47,100,4.68,overcast clouds
239,Shubarshi,KZ,48.5872,57.1869,31.75,50,29,6.15,scattered clouds
240,Great Falls,US,47.5002,-111.3008,44.17,42,1,5.99,clear sky
241,Itarema,BR,-2.9248,-39.9167,79.52,80,39,15.95,scattered clouds
242,Changli,CN,39.7042,119.1506,61.63,47,100,7.56,overcast clouds
243,Unai,BR,-16.3575,-46.9061,76.32,57,61,3.29,broken clouds
244,Cockburn Town,TC,21.4612,-71.1419,82.26,71,13,2.28,few clouds
245,Laguna,US,38.421,-121.4238,66.04,78,1,1.99,clear sky
246,Lewiston,US,44.1003,-70.2148,48.47,76,75,21.85,broken clouds
247,Elmira,US,42.0898,-76.8077,45.91,91,1,5.75,clear sky
248,Kentau,KZ,43.5206,68.5094,51.28,45,100,2.86,overcast clouds
249,Sola,VU,-13.8833,167.55,86.67,74,75,4.61,broken clouds
250,Amlimay,PH,16.6938,120.837,71.06,62,54,1.25,broken clouds
251,Mitsamiouli,KM,-11.3847,43.2844,73.69,88,20,5.75,few clouds
252,Espinosa,BR,-14.9261,-42.8192,70.0,82,2,9.1,clear sky
253,Qinhuangdao,CN,39.9317,119.5883,62.46,41,91,8.61,overcast clouds
254,Melilla,ES,35.2937,-2.9383,64.78,77,40,6.91,scattered clouds
255,Zhuhai,CN,22.2769,113.5678,82.78,78,40,12.66,scattered clouds
256,Juneau,US,58.3019,-134.4197,44.6,92,90,8.99,moderate rain
257,Fort Morgan,US,40.2503,-103.8,50.81,45,40,12.66,scattered clouds
258,Bambanglipuro,ID,-7.95,110.2833,84.09,75,98,11.79,overcast clouds
259,San Pedro,PH,14.35,121.0167,84.31,77,75,6.91,broken clouds
260,Auki,SB,-8.7676,160.7034,84.99,68,91,3.78,overcast clouds
261,Zyryanka,RU,65.75,150.85,8.28,85,27,7.81,scattered clouds
262,Ketchikan,US,55.3422,-131.6461,43.27,81,75,10.36,light rain
263,Maniitsoq,GL,65.4167,-52.9,31.1,51,97,6.69,overcast clouds
264,Henties Bay,NA,-22.116,14.2845,59.86,75,16,3.13,few clouds
265,Sisimiut,GL,66.9395,-53.6735,23.74,78,100,6.78,overcast clouds
266,Banda Aceh,ID,5.5577,95.3222,82.94,73,48,2.33,scattered clouds
267,Wamba,NG,8.9333,8.6,71.85,95,32,0.63,light rain
268,Visnes,NO,59.3556,5.2242,56.57,100,90,20.71,moderate rain
269,Narsaq,GL,60.9167,-46.05,26.01,60,58,6.08,broken clouds
270,Santo Antonio Do Amparo,BR,-20.9464,-44.9189,65.5,92,100,5.91,moderate rain
271,Edgewater,US,28.9889,-80.9023,71.01,65,37,4.18,scattered clouds
272,Puquio,PE,-14.7,-74.1333,53.15,57,14,3.47,few clouds
273,Atlanta,US,33.749,-84.388,60.04,72,1,1.99,clear sky
274,Charters Towers,AU,-20.1,146.2667,96.49,22,0,13.47,clear sky
275,Quelimane,MZ,-17.8786,36.8883,74.82,75,76,10.47,light rain
276,Chupaca,PE,-12.0667,-75.2833,51.58,73,26,4.56,scattered clouds
277,Ternate,ID,0.8,127.4,86.25,65,88,6.08,overcast clouds
278,Russell,US,32.3502,-85.1999,65.48,80,96,6.73,overcast clouds
279,Kabompo,ZM,-13.5927,24.2008,65.07,68,81,2.71,light rain
280,Butaritari,KI,3.0707,172.7902,82.36,68,100,5.75,overcast clouds
281,Axim,GH,4.8699,-2.2405,76.44,90,19,4.32,light rain
282,Kutum,SD,14.2,24.6667,67.15,20,20,6.53,few clouds
283,Hobyo,SO,5.3505,48.5268,80.8,68,5,0.31,light rain
284,Tommot,RU,58.9564,126.2925,38.26,77,100,9.86,overcast clouds
285,Byron Bay,AU,-28.65,153.6167,91.36,62,39,18.9,scattered clouds
286,Tecoanapa,MX,16.5167,-98.75,79.29,85,2,4.41,clear sky
287,Cambridge,CA,43.3601,-80.3127,48.69,91,1,3.44,clear sky
288,Balabac,PH,7.9868,117.0645,83.93,78,100,17.16,moderate rain
289,Sikasso,ML,10.9167,-7.0,77.58,75,100,4.5,overcast clouds
290,Fortuna,US,40.5982,-124.1573,59.18,68,1,0.0,clear sky
291,Boundiali,CI,9.5217,-6.4869,72.23,90,45,4.07,scattered clouds
292,Porto Torres,IT,40.835,8.3972,59.18,76,100,6.44,overcast clouds
293,Le Port,RE,-20.9373,55.2919,78.89,76,5,11.61,clear sky
294,Oussouye,SN,12.485,-16.5469,80.69,83,69,4.9,broken clouds
295,Vedasandur,IN,10.5333,77.95,80.55,71,100,3.0,overcast clouds
296,Shemordan,RU,56.1856,50.3972,38.21,89,100,15.01,overcast clouds
297,Porto Santo,PT,33.072,-16.3415,66.11,82,40,3.44,scattered clouds
298,Naryan-Mar,RU,67.6713,53.087,19.94,94,100,11.16,overcast clouds
299,Monrovia,LR,6.3005,-10.7969,76.75,88,93,4.56,moderate rain
300,Zabolotovka,RU,50.2737,39.3147,36.16,91,78,6.24,broken clouds
301,Mahebourg,MU,-20.4081,57.7,77.25,88,40,5.75,scattered clouds
302,Victor Harbor,AU,-35.5667,138.6167,73.49,91,85,14.45,moderate rain
303,Pionerskiy,RU,54.9508,20.2275,55.24,92,100,18.41,overcast clouds
304,Lagoa,PT,39.05,-27.9833,67.06,72,100,25.32,overcast clouds
305,Mogzon,RU,51.7435,111.9606,44.67,46,46,1.48,scattered clouds
306,Ahipara,NZ,-35.1667,173.1667,64.51,84,81,7.99,broken clouds
307,Namtsy,RU,62.7161,129.6658,33.91,96,100,6.24,light rain
308,Tateyama,JP,34.9833,139.8667,74.14,62,10,13.96,clear sky
309,Miri,MY,4.4148,114.0089,78.94,94,40,10.36,scattered clouds
310,Evensk,RU,61.95,159.2333,13.87,93,100,4.34,overcast clouds
311,Villa Bruzual,VE,9.3328,-69.1208,71.55,98,100,1.74,overcast clouds
312,Hirara,JP,24.8,125.2833,80.87,54,40,11.5,scattered clouds
313,Bonga,ET,7.2833,36.2333,57.22,98,56,2.17,broken clouds
314,Brae,GB,60.3964,-1.353,51.71,83,100,9.71,overcast clouds
315,Mackay,AU,-21.15,149.2,91.69,61,1,17.27,clear sky
316,Pacific Grove,US,36.6177,-121.9166,66.97,89,1,1.99,clear sky
317,Ancud,CL,-41.8697,-73.8203,47.73,93,6,3.42,clear sky
318,Alta Floresta,BR,-9.8756,-56.0861,71.19,98,100,1.41,overcast clouds
319,Kodinsk,RU,58.6881,99.1844,29.19,46,33,11.27,scattered clouds
320,South Saint Paul,US,44.8927,-93.0349,54.75,69,90,3.44,light rain
321,Susanville,US,40.4163,-120.653,47.08,86,8,1.92,clear sky
322,Darab,IR,28.7519,54.5444,67.39,8,100,3.36,overcast clouds
323,Krasnoselkup,RU,65.7,82.4667,3.11,98,93,6.13,overcast clouds
324,Tiarei,PF,-17.5333,-149.3333,80.62,75,29,10.22,scattered clouds
325,Lata,PT,40.1629,-8.3327,49.06,63,0,3.06,clear sky
326,Laibin,CN,23.7,109.2667,68.81,68,97,7.45,overcast clouds
327,Ulladulla,AU,-35.35,150.4667,86.77,40,86,5.3,overcast clouds
328,Rivadavia,AR,-33.1905,-68.4608,73.87,26,34,8.28,scattered clouds
329,Ca Mau,VN,9.1769,105.15,88.21,62,96,6.08,overcast clouds
330,Bria,CF,6.5423,21.9863,69.44,96,100,2.26,overcast clouds
331,Muros,ES,42.7762,-9.0603,59.85,83,32,9.66,scattered clouds
332,Ha Noi,VN,21.0245,105.8412,73.4,87,100,7.18,overcast clouds
333,Plettenberg Bay,ZA,-34.0527,23.3716,70.25,73,100,7.78,overcast clouds
334,Galesong,ID,-5.3166,119.3661,89.62,64,55,5.41,broken clouds
335,Skagen,DK,57.7209,10.5839,56.08,88,100,24.07,overcast clouds
336,Tevriz,RU,57.509,72.4042,31.77,70,100,8.72,overcast clouds
337,Mehamn,NO,71.0357,27.8492,29.68,77,19,17.52,few clouds
338,Nampula,MZ,-15.1165,39.2666,71.55,83,90,9.22,overcast clouds
339,Galle,LK,6.0367,80.217,82.26,76,76,7.72,broken clouds
340,Bardiyah,LY,31.7561,25.0865,70.34,88,64,11.99,broken clouds
341,Kargil,IN,34.5667,76.1,32.68,42,2,3.74,clear sky
342,College,US,64.8569,-147.8028,26.58,89,90,4.61,light snow
343,Taywarah,AF,33.35,64.4167,43.21,22,2,3.71,clear sky
344,Kemijarvi,FI,66.7131,27.4306,26.65,86,100,9.86,overcast clouds
345,Calvinia,ZA,-31.4707,19.776,61.92,73,100,11.9,light rain
346,Toamasina,MG,-18.1667,49.3833,69.8,88,20,5.75,few clouds
347,Faya,SA,18.3851,42.4509,55.92,56,57,2.82,broken clouds
348,Dicabisagan,PH,17.0818,122.4157,82.08,70,77,11.3,broken clouds
349,Lasa,IT,46.6166,10.7002,40.08,35,1,2.19,clear sky
350,Erdenet,MN,49.0333,104.0833,42.76,36,10,3.85,clear sky
351,Klaksvik,FO,62.2266,-6.589,47.32,83,84,14.79,broken clouds
352,Allapalli,IN,19.4167,80.0667,78.91,57,47,5.93,scattered clouds
353,Pennadam,IN,11.4,79.2333,83.61,66,88,10.94,overcast clouds
354,Lyubar,UA,49.9204,27.7592,41.0,92,49,8.08,scattered clouds
355,Wabash,US,40.7978,-85.8205,50.72,89,100,11.03,overcast clouds
356,Limon,CR,10.0,-83.0333,79.68,80,100,2.42,overcast clouds
357,San Quintin,MX,30.4833,-115.95,66.6,61,0,5.53,clear sky
358,Miquelon,PM,47.0975,-56.3814,43.34,72,100,30.89,overcast clouds
359,Elmvale,CA,44.5834,-79.8664,53.04,94,0,7.18,clear sky
360,Maun,BW,-19.9833,23.4167,67.96,100,0,8.05,clear sky
361,Port Hardy,CA,50.6996,-127.4199,48.2,93,75,0.0,light rain
362,Milagres,BR,-7.3133,-38.9456,83.17,61,49,8.39,scattered clouds
363,Kamenka,RU,51.3223,42.7678,35.02,75,96,7.56,overcast clouds
364,Pantai Remis,MY,4.4557,100.6288,88.16,64,44,1.72,scattered clouds
365,Praia,CV,14.9215,-23.5087,77.54,83,40,17.27,scattered clouds
366,Bakchar,RU,57.0186,82.0711,30.92,68,99,8.97,overcast clouds
367,Tazovskiy,RU,67.4667,78.7,3.6,97,71,7.09,broken clouds
368,Stuttgart,DE,48.7823,9.177,46.62,94,90,1.14,fog
369,Villa Maria,AR,-32.4075,-63.2402,74.82,53,100,11.01,overcast clouds
370,Sevierville,US,35.8681,-83.5618,53.91,90,1,0.0,clear sky
371,Hoi An,VN,15.8794,108.335,80.56,82,62,4.76,moderate rain
372,Asbestos,CA,45.7668,-71.9324,41.29,80,88,8.93,overcast clouds
373,Sakakah,SA,29.9697,40.2064,62.17,36,1,1.66,clear sky
374,Ust-Kut,RU,56.7938,105.7672,31.12,39,60,10.54,broken clouds
375,Sal Rei,CV,16.1833,-22.9167,77.56,78,100,15.19,overcast clouds
376,Kerema,PG,-7.9631,145.7785,84.87,73,100,7.49,overcast clouds
377,Pevek,RU,69.7008,170.3133,7.88,92,100,6.6,overcast clouds
378,Nizhniy Chir,RU,48.3597,43.0865,35.8,70,1,5.79,clear sky
379,Northam,GB,51.0333,-4.2167,59.09,88,100,23.29,overcast clouds
380,Luena,AO,-11.7833,19.9167,62.2,88,68,3.91,broken clouds
381,Ampanihy,MG,-24.7,44.75,66.42,64,95,17.45,overcast clouds
382,Nacala,MZ,-14.5428,40.6728,79.32,60,100,12.08,overcast clouds
383,Wanning,CN,18.8003,110.3967,77.36,91,100,11.12,heavy intensity rain
384,Fecamp,FR,49.7579,0.3746,51.51,76,29,13.27,scattered clouds
385,Izumo,JP,35.3667,132.7667,67.89,56,75,11.5,broken clouds
386,Tromso,NO,69.6496,18.957,37.42,56,40,3.0,light rain
387,Dasoguz,TM,41.8363,59.9666,39.31,93,0,6.91,clear sky
388,Navolato,MX,24.7672,-107.6944,75.63,76,0,6.6,clear sky
389,Sokoni,TZ,-6.4333,39.55,75.06,77,81,4.52,light rain
390,Nanchang,CN,28.6833,115.8833,73.85,50,54,4.5,broken clouds
391,Birao,CF,10.2849,22.7882,73.89,63,68,0.92,broken clouds
392,Sao Geraldo Do Araguaia,BR,-6.4006,-48.555,76.05,79,30,3.8,scattered clouds
393,Pelym,RU,61.0108,61.9978,31.33,98,100,6.69,light snow
394,Constitucion,CL,-35.3333,-72.4167,54.66,76,4,10.22,clear sky
395,Beaverlodge,CA,55.2166,-119.4361,38.55,50,84,23.69,broken clouds
396,Naze,JP,28.3667,129.4833,74.32,54,3,13.78,clear sky
397,Khash,IR,28.2211,61.2158,64.04,35,4,1.14,clear sky
398,San Patricio,US,28.017,-97.5169,78.66,38,0,7.09,clear sky
399,Rabo De Peixe,PT,37.8,-25.5833,67.51,77,20,20.71,few clouds
400,Moron,AR,-34.6534,-58.6198,77.0,53,0,6.08,clear sky
401,Bourail,NC,-21.5667,165.4833,79.43,68,72,10.09,broken clouds
402,Santiago De Cuba,CU,20.0247,-75.8219,74.86,90,23,0.16,few clouds
403,Wau,SS,7.7029,27.9953,72.91,81,96,2.21,overcast clouds
404,Aksu,CN,41.1231,80.2644,53.87,32,79,1.63,broken clouds
405,Caibarien,CU,22.5206,-79.4669,77.88,85,74,5.57,broken clouds
406,Skelleftea,SE,64.7507,20.9528,33.01,69,90,4.61,snow
407,Tungor,RU,53.3808,142.9564,40.82,85,100,11.21,overcast clouds
408,Kavaratti,IN,10.5669,72.642,79.52,80,100,8.63,overcast clouds
409,Pathein,MM,16.7833,94.7333,84.45,76,98,8.28,overcast clouds
410,Palm Valley,US,30.1775,-81.3876,71.62,87,47,6.33,scattered clouds
411,Kibakwe,TZ,-6.7167,36.3667,63.95,81,13,2.77,few clouds
412,Monterey,US,36.2505,-121.2516,60.84,1,0,6.06,clear sky
413,La Rioja,ES,42.25,-2.5,40.48,58,79,3.29,broken clouds
414,Mandera,KE,3.9366,41.867,78.57,68,6,10.8,clear sky
415,Ostersund,SE,63.1792,14.6357,45.05,70,94,16.11,overcast clouds
416,Osorio,BR,-29.8867,-50.2697,66.16,82,0,5.23,clear sky
417,Tukrah,LY,32.5341,20.5791,67.98,83,4,6.78,clear sky
418,Tomatlan,MX,19.9333,-105.25,74.46,93,98,3.53,overcast clouds
419,Tupik,RU,54.4253,119.9327,42.58,53,83,3.49,broken clouds
420,Flin Flon,CA,54.7682,-101.865,42.4,88,100,3.18,overcast clouds
421,Matagami,CA,49.7502,-77.6328,32.11,100,1,0.0,clear sky
422,Qui Nhon,VN,13.7667,109.2333,81.05,83,68,2.84,broken clouds
423,Develi,TR,38.3906,35.4922,42.15,55,96,0.92,overcast clouds
424,Gloversville,US,43.0528,-74.3438,44.65,90,1,0.0,clear sky
425,Druzhba,UA,52.0428,33.9453,43.11,85,100,14.54,overcast clouds
426,Vao,NC,-22.6667,167.4833,72.45,82,45,15.19,scattered clouds
427,Sangar,RU,63.9242,127.4739,21.76,95,100,8.43,light snow
428,Oistins,BB,13.0667,-59.5333,80.69,74,20,13.8,few clouds
429,Myaundzha,RU,63.0494,147.1858,6.89,94,37,1.21,scattered clouds
430,Vicuna,CL,-30.0319,-70.7081,46.13,50,66,2.71,broken clouds
431,Lyaskelya,RU,61.7667,31.0167,41.88,94,100,2.93,overcast clouds
432,Aswan,EG,24.0934,32.907,74.5,33,0,0.0,clear sky
433,Tanout,NE,14.9709,8.8879,80.06,14,8,9.13,clear sky
434,Ellensburg,US,46.9965,-120.5479,48.88,84,90,3.0,overcast clouds
435,Copiapo,CL,-27.3667,-70.3333,51.49,44,8,2.44,clear sky
436,Arica,CL,-18.475,-70.3042,61.03,82,0,1.14,clear sky
437,Saravan,AM,39.7196,45.6483,21.85,24,0,4.25,clear sky
438,Luderitz,NA,-26.6481,15.1594,61.41,78,77,10.38,broken clouds
439,Kapoeta,SS,4.7717,33.5903,79.3,49,26,11.97,scattered clouds
440,Mariental,NA,-24.6333,17.9667,65.28,61,50,12.44,scattered clouds
441,Samur,RU,41.8253,48.486,47.21,70,0,4.23,clear sky
442,Tjaereborg,DK,55.4646,8.5797,56.05,89,90,16.11,overcast clouds
443,Ortona,IT,42.3496,14.4039,54.86,86,14,5.01,few clouds
444,Fort Nelson,CA,58.8053,-122.7002,31.59,93,90,3.44,mist
445,Sur,OM,22.5667,59.5289,79.39,61,0,6.33,clear sky
446,Shahr-E Babak,IR,30.1165,55.1186,54.57,28,55,6.06,broken clouds
447,Kupang,ID,-10.1667,123.5833,90.43,53,26,2.84,scattered clouds
448,Halifax,CA,44.6453,-63.5724,47.41,93,100,7.0,overcast clouds
449,Alice Springs,AU,-23.7,133.8833,99.95,16,40,19.57,scattered clouds
450,Stornoway,GB,58.2093,-6.3865,52.93,87,73,10.36,broken clouds
451,Anaconda,US,46.1285,-112.9423,40.19,87,30,6.26,scattered clouds
452,Besikduzu,TR,41.052,39.2284,57.09,79,41,4.99,scattered clouds
453,Hanzhong,CN,33.0728,107.0303,60.57,71,97,2.35,overcast clouds
454,Sioux Lookout,CA,50.1001,-91.917,46.47,81,90,8.05,overcast clouds
455,Alvdal,NO,62.1077,10.6307,30.04,89,100,4.56,overcast clouds
456,Adre,TD,13.4667,22.2,72.05,21,76,10.13,broken clouds
457,Chapais,CA,49.7834,-74.8492,33.58,82,25,4.81,scattered clouds
458,Merauke,ID,-8.4667,140.3333,87.85,63,78,17.0,broken clouds
459,Beringovskiy,RU,63.05,179.3167,7.75,77,22,13.04,few clouds
460,Omboue,GA,-1.5746,9.2618,74.07,93,100,5.59,overcast clouds
461,Mandalgovi,MN,45.7625,106.2708,46.76,31,0,17.78,clear sky
462,Key West,US,24.5557,-81.7826,82.99,81,1,4.61,clear sky
463,Kuito,AO,-12.3833,16.9333,59.27,85,87,4.21,overcast clouds
464,North Bend,US,43.4065,-124.2243,60.93,97,90,6.91,mist
465,Hovd,MN,48.0056,91.6419,45.12,30,24,2.98,few clouds
466,Marsh Harbour,BS,26.5412,-77.0636,78.21,60,85,8.99,overcast clouds
467,Kazachinskoye,RU,57.6953,93.2761,31.57,56,54,9.84,broken clouds
468,Oskarshamn,SE,57.2645,16.4484,56.98,88,100,13.0,overcast clouds
469,Pochutla,MX,15.7432,-96.4661,79.83,91,11,3.51,few clouds
470,Luunja,EE,58.3558,26.8808,46.74,72,90,13.8,overcast clouds
471,Muana,BR,-1.5283,-49.2167,75.42,92,79,4.32,broken clouds
472,Ust-Nera,RU,64.5667,143.2,19.4,94,100,3.11,light snow
473,Launceston,AU,-41.45,147.1667,75.61,53,41,4.0,scattered clouds
474,Hami,CN,42.8,93.45,54.23,28,61,4.18,broken clouds
475,Talcahuano,CL,-36.7167,-73.1167,53.28,94,20,11.5,few clouds
476,Broken Hill,AU,-31.95,141.4333,80.31,47,65,27.63,broken clouds
477,Soyo,AO,-6.1349,12.3689,74.98,82,94,6.96,overcast clouds
478,Dillon,US,34.4166,-79.3712,55.26,69,35,1.68,scattered clouds
479,Manthani,IN,18.65,79.6667,76.23,65,47,7.9,scattered clouds
480,Prince Albert,CA,53.2001,-105.7677,37.35,93,90,9.22,mist
481,Coahuayana,MX,18.7333,-103.6833,76.77,89,60,2.86,broken clouds
482,Havoysund,NO,70.9963,24.6622,29.28,69,2,25.26,clear sky
483,Ambovombe,MG,-25.1667,46.0833,67.03,67,100,18.01,overcast clouds
484,Porto Walter,BR,-8.2686,-72.7439,74.17,81,96,1.77,overcast clouds
485,Ayagoz,KZ,47.9714,80.4392,40.37,74,93,6.91,overcast clouds
486,Korla,CN,41.7597,86.1469,52.48,35,3,3.04,clear sky
487,Fairbanks,US,64.8378,-147.7164,26.6,89,90,3.44,light snow
488,Masallatah,LY,32.6167,14.0,67.55,68,56,18.84,broken clouds
489,Ust-Koksa,RU,50.2696,85.6108,39.4,89,100,2.26,overcast clouds
490,Matara,LK,5.9485,80.5353,83.66,71,85,8.32,overcast clouds
491,Sinnamary,GF,5.3833,-52.95,77.49,88,49,7.94,scattered clouds
492,Mogwase,ZA,-25.185,27.2665,65.05,65,100,6.96,overcast clouds
493,Obzor,BG,42.8167,27.8833,46.62,79,0,7.78,clear sky
494,Camargo,MX,27.6667,-105.1667,59.88,18,0,1.74,clear sky
495,Nemuro,JP,43.3236,145.575,64.83,78,7,22.84,clear sky
496,Kununurra,AU,-15.7667,128.7333,100.38,37,34,4.61,scattered clouds
497,Pakokku,MM,21.3333,95.1,82.96,69,13,7.96,few clouds
498,Islampur,IN,26.2667,88.2,78.91,63,0,3.36,clear sky
499,Baghdad,IQ,33.3406,44.4009,67.91,37,20,4.61,few clouds
500,Monywa,MM,22.1167,95.1333,82.22,68,29,8.14,scattered clouds
501,Rio Gallegos,AR,-51.6226,-69.2181,51.85,54,40,5.75,scattered clouds
502,Vitim,RU,59.4511,112.5578,27.59,65,98,13.51,overcast clouds
503,Yerbogachen,RU,61.2767,108.0108,22.96,66,100,18.25,overcast clouds
504,Limoux,FR,42.9167,2.1667,51.71,76,0,6.64,clear sky
505,Nanortalik,GL,60.1432,-45.2371,33.6,64,49,1.25,scattered clouds
506,Napasar,IN,27.9667,73.55,79.72,30,0,4.81,clear sky
507,Hasaki,JP,35.7333,140.8333,73.29,58,49,21.34,scattered clouds
508,Bandiagara,ML,14.3501,-3.6104,77.43,33,43,7.23,scattered clouds
509,Bonthe,SL,7.5264,-12.505,77.81,83,69,3.44,light rain
510,Angoram,PG,-4.0625,144.0661,84.7,83,99,3.98,moderate rain
511,Dong Hoi,VN,17.4833,106.6,72.61,94,100,10.65,heavy intensity rain
512,Batagay-Alyta,RU,67.8006,130.4114,8.2,91,100,2.33,overcast clouds
513,Murindo,CO,6.9848,-76.7544,74.16,95,100,1.52,overcast clouds
514,Meridian,US,43.6121,-116.3915,56.25,72,1,0.0,clear sky
515,Mildura,AU,-34.2,142.15,87.76,27,32,27.63,scattered clouds
516,Sa Kaeo,TH,13.75,102.3333,73.87,95,100,1.83,light rain
517,Morondava,MG,-20.2833,44.2833,75.42,72,1,11.27,clear sky
518,Dawson,US,31.7735,-84.4466,65.89,64,74,7.31,broken clouds
519,Lamesa,US,32.7376,-101.951,47.52,21,0,8.84,clear sky
520,Martin,US,27.0837,-80.4164,78.75,95,67,3.42,broken clouds
521,Lexington,US,37.9887,-84.4777,46.13,84,1,1.99,clear sky
522,Mafeteng,LS,-29.823,27.2374,58.55,79,100,5.12,overcast clouds
523,Caravelas,BR,-17.7125,-39.2481,72.97,87,13,5.77,few clouds
524,Camacha,PT,33.0833,-16.3333,63.36,82,40,3.44,scattered clouds
525,Benguela,AO,-12.5763,13.4055,72.54,79,100,0.92,light rain
526,Mitoc,RO,48.1,27.0333,50.09,79,72,1.92,broken clouds
527,Samana,DO,19.2056,-69.3369,75.4,86,59,6.04,broken clouds
528,Igarka,RU,67.4667,86.5833,-4.16,96,49,3.96,scattered clouds
529,Talara,PE,-4.5772,-81.2719,65.17,88,98,17.4,overcast clouds
530,Vilyuysk,RU,63.7553,121.6247,26.55,74,97,13.67,overcast clouds
531,Inuvik,CA,68.3499,-133.7218,27.61,100,90,0.0,light snow
532,Port Blair,IN,11.6667,92.75,84.45,74,21,11.81,few clouds
533,Omsukchan,RU,62.5333,155.8,10.29,93,92,6.15,overcast clouds
534,Davila,PH,18.4726,120.5763,91.38,67,13,23.38,few clouds
535,Dhidhdhoo,MV,6.8833,73.1,81.1,77,87,8.93,overcast clouds
536,Tyukalinsk,RU,55.8732,72.1967,31.77,56,98,13.8,overcast clouds
537,Cartagena,CO,10.3997,-75.5144,82.02,83,40,2.3,thunderstorm
538,Ljungby,SE,56.8332,13.9408,54.37,96,100,12.5,overcast clouds
539,Jinchang,CN,38.4953,102.1739,52.56,25,6,2.71,clear sky
540,Bowen,AU,-20.0167,148.2333,91.62,61,0,10.11,clear sky
541,Norsup,VU,-16.0667,167.3833,82.69,69,100,5.1,overcast clouds
542,Naifaru,MV,5.4444,73.3657,80.94,76,78,8.46,broken clouds
543,Qaqortoq,GL,60.7167,-46.0333,27.39,67,56,4.94,broken clouds
544,Kalmunai,LK,7.4167,81.8167,84.63,65,82,10.27,light rain
545,Kahului,US,20.8947,-156.47,80.62,79,1,21.85,clear sky
546,Morant Bay,JM,17.8815,-76.4093,82.02,83,37,6.26,scattered clouds
547,Oranjestad,AW,12.524,-70.027,76.95,100,75,20.71,thunderstorm with heavy rain
548,Opuwo,NA,-18.0607,13.84,67.41,31,69,1.72,broken clouds
549,Sao Jose Da Coroa Grande,BR,-8.8978,-35.1478,75.65,80,4,7.18,clear sky
550,Yermekeyevo,RU,54.0761,53.6712,34.61,62,97,16.64,overcast clouds
551,Jardim,BR,-21.4803,-56.1381,75.16,70,87,4.03,overcast clouds
552,Sovetskiy,RU,61.3614,63.5842,30.06,97,100,7.45,light snow
553,Tougan,BF,13.0667,-3.0667,82.29,45,54,7.63,broken clouds
554,Bairnsdale,AU,-37.8333,147.6167,74.05,48,99,3.0,overcast clouds
555,Ust-Tsilma,RU,65.441,52.1498,21.07,93,100,11.41,light snow
556,Muskogee,US,35.5834,-95.3336,55.47,94,90,12.66,overcast clouds
557,Aguimes,ES,27.9054,-15.4461,65.66,61,20,6.91,few clouds
558,Rogers,US,36.3668,-95.5836,53.89,94,90,1.99,overcast clouds
559,Umm Lajj,SA,25.0213,37.2685,78.46,53,0,2.17,clear sky
560,Imbituba,BR,-28.24,-48.6703,71.49,96,95,6.71,overcast clouds
561,La Solana,ES,38.9442,-3.2381,52.41,74,3,1.21,clear sky
562,Ewa Beach,US,21.3156,-158.0072,82.35,67,40,13.0,scattered clouds
563,Paro,BT,27.4305,89.4133,61.92,31,2,4.68,clear sky
564,Mpigi,UG,0.225,32.3136,68.81,96,80,1.23,light rain
565,Lilongwe,MW,-13.9669,33.7873,67.5,77,82,8.95,broken clouds
566,Wilmington,US,34.2257,-77.9447,57.85,94,1,0.0,clear sky
567,Horodnya,UA,51.8909,31.5974,45.19,89,100,12.82,overcast clouds
568,Chilca,PE,-12.5211,-76.7372,64.62,89,11,8.52,few clouds
569,Richards Bay,ZA,-28.783,32.0377,66.42,80,100,6.55,overcast clouds
570,Arman,RU,59.7,150.1667,29.43,74,99,1.45,overcast clouds
571,Ucluelet,CA,48.9329,-125.5528,51.1,89,100,4.92,overcast clouds
572,Curillo,CO,1.0333,-75.9191,70.7,98,98,1.28,overcast clouds
573,Beira,MZ,-19.8436,34.8389,75.29,73,75,14.0,light rain
574,Ati,TD,13.2154,18.3353,81.14,16,77,9.35,broken clouds
575,Buala,SB,-8.145,159.5921,86.79,63,77,5.55,broken clouds
576,Bathsheba,BB,13.2167,-59.5167,81.21,74,20,13.8,few clouds
577,Koungheul,SN,13.9833,-14.8,79.75,74,78,6.73,broken clouds
578,Nicoya,CR,10.1483,-85.452,75.04,93,95,1.21,overcast clouds
579,Menongue,AO,-14.6585,17.691,62.47,85,92,1.45,light rain
580,Abu Samrah,SY,35.3029,37.1841,62.69,43,99,1.83,overcast clouds
581,Bure,ET,10.7,37.0667,56.97,88,100,2.51,overcast clouds
582,Shingu,JP,33.7333,135.9833,70.79,40,0,3.24,clear sky
583,Aykhal,RU,66.0,111.5,16.23,94,100,22.46,light snow
584,Portland,US,45.5234,-122.6762,54.59,92,100,1.01,overcast clouds
585,Nizhniy Kuranakh,RU,58.8353,125.4869,37.02,80,100,9.04,overcast clouds
586,Quatre Cocos,MU,-20.2078,57.7625,77.09,62,1,9.19,clear sky
587,Nelson Bay,AU,-32.7167,152.15,90.28,66,51,3.0,broken clouds
588,Shahr-E Kord,IR,32.3256,50.8644,29.97,43,0,4.61,clear sky
589,Tongren,CN,27.7172,109.1853,60.51,82,100,2.15,overcast clouds
590,Ahuimanu,US,21.4447,-157.8378,82.11,73,40,13.8,scattered clouds
591,Erzin,TR,36.9559,36.2,63.12,39,99,2.68,moderate rain
592,Chateaudun,FR,48.0833,1.3333,44.74,82,2,6.89,clear sky
593,Dunedin,NZ,-45.8742,170.5036,61.81,72,2,14.0,clear sky
594,Kishtwar,IN,33.3167,75.7667,58.12,24,0,0.29,clear sky
595,Khuzdar,PK,27.7384,66.6434,66.78,25,0,2.75,clear sky
596,Virovitica,HR,45.8319,17.3839,40.05,81,11,2.24,few clouds
597,Tura,IN,25.5198,90.2201,79.38,64,0,2.21,clear sky
598,Margate,GB,51.3813,1.3862,57.31,85,66,5.01,broken clouds
599,Madimba,TZ,-10.4,40.3333,74.52,94,40,11.5,scattered clouds
600,Rome,US,34.257,-85.1647,62.29,84,1,0.0,clear sky
601,Le Moule,GP,16.3332,-61.3473,73.44,71,97,6.2,overcast clouds
602,Garwa,IN,24.1833,83.8167,75.81,58,0,0.29,clear sky
603,Kandi,BJ,11.1342,2.9386,75.4,76,62,4.23,broken clouds
604,Ayan,RU,56.45,138.1667,39.09,72,18,7.99,few clouds
605,Nishihara,JP,26.1842,127.7558,78.85,53,40,13.8,scattered clouds
606,Moroni,KM,-11.7022,43.2551,73.4,88,20,5.75,light rain
607,Brest,BY,52.1,23.7,48.83,85,96,9.28,overcast clouds
608,Katherine,AU,-14.4667,132.2667,95.32,43,0,6.91,clear sky
609,Bhainsdehi,IN,21.6467,77.6325,71.89,51,6,8.14,clear sky
610,Mirnyy,RU,62.5353,113.9611,21.42,75,100,17.6,overcast clouds
611,Buseresere,TZ,-3.0236,31.8747,66.63,79,51,3.18,broken clouds
612,Silver City,US,32.7701,-108.2803,51.62,33,1,8.99,clear sky
613,Mogadishu,SO,2.0371,45.3438,79.99,80,19,12.64,few clouds
614,Mangaratiba,BR,-22.9597,-44.0406,70.66,99,100,2.42,light rain
615,Abakaliki,NG,6.3163,8.1169,73.17,97,49,5.97,scattered clouds
616,Batemans Bay,AU,-35.7167,150.1833,87.19,39,88,6.31,overcast clouds
617,Pangnirtung,CA,66.1451,-65.7125,25.3,87,100,4.05,overcast clouds
618,San Policarpo,PH,12.1791,125.5072,79.99,83,96,2.33,overcast clouds
619,Berdigestyakh,RU,62.0989,126.6992,31.41,86,89,10.18,light snow
620,Ndele,CF,8.4109,20.6473,72.57,86,100,2.37,overcast clouds
621,Bogorodskoye,RU,56.55,37.8833,41.02,93,100,12.46,overcast clouds
622,Linxia,CN,35.6003,103.2064,49.51,56,74,4.0,broken clouds
623,Chhatarpur,IN,24.9,79.6,68.79,43,0,3.31,clear sky
624,Gao,ML,16.6362,1.637,80.89,16,26,8.52,scattered clouds
625,Koshurnikovo,RU,54.1667,93.3,32.9,39,89,0.89,overcast clouds
626,Tall Kayf,TR,37.0833,41.0667,54.79,38,40,4.32,scattered clouds
627,Luganville,VU,-15.5333,167.1667,83.84,66,99,5.82,overcast clouds
628,Nyurba,RU,63.2842,118.3319,25.5,70,100,14.97,overcast clouds
629,Melfi,IT,40.9965,15.6514,44.89,93,20,1.1,few clouds
630,Namibe,AO,-15.1961,12.1522,68.61,64,94,6.98,overcast clouds
631,Cortez,US,37.3489,-108.5859,45.52,65,0,10.4,clear sky
632,Guanica,PR,17.9716,-66.908,78.91,85,3,1.99,clear sky
633,Urumqi,CN,43.801,87.6005,52.75,33,0,2.24,clear sky
634,Riosucio,CO,5.4216,-75.7032,64.83,98,100,0.98,overcast clouds
635,Gallup,US,35.5281,-108.7426,40.01,41,0,1.01,clear sky
636,Ortigueira,BR,-24.2083,-50.9494,62.26,97,99,5.23,overcast clouds
637,Zhigansk,RU,66.7697,123.3711,27.48,91,100,18.88,light snow
638,Nouadhibou,MR,20.931,-17.0347,67.98,73,11,18.41,few clouds
639,Salinas,US,36.6777,-121.6555,67.39,84,1,0.0,clear sky
640,Synya,RU,65.3718,58.0387,26.89,96,100,9.57,snow
641,Saint-Joseph,RE,-21.3667,55.6167,77.47,69,6,0.25,clear sky
642,Majene,ID,-3.5403,118.9707,85.78,69,44,5.64,scattered clouds
643,San Juan,AR,-31.5375,-68.5364,80.2,22,31,9.69,scattered clouds
644,Dorchester,US,33.1002,-80.3831,55.87,100,1,0.0,clear sky
645,Bandarbeyla,SO,9.4942,50.8122,76.96,66,3,3.8,clear sky
646,Longkou,CN,37.6508,120.3286,62.73,47,100,4.43,overcast clouds
647,Bungu,TZ,-7.6337,39.0582,74.46,81,59,1.21,broken clouds
648,Kharp,RU,66.8014,65.8081,15.85,96,100,9.1,snow
649,Beirut,LB,33.8889,35.4944,72.37,45,56,6.91,broken clouds
650,Zhangjiakou,CN,40.81,114.8794,53.1,26,100,1.92,overcast clouds
651,Manaus,BR,-3.1019,-60.025,75.69,94,75,3.44,broken clouds
652,Ulaangom,MN,49.9811,92.0667,44.17,44,43,2.71,scattered clouds
653,Cabra,ES,37.4725,-4.4421,55.9,88,1,4.52,clear sky
654,Belmonte,BR,-15.8631,-38.8828,73.9,89,5,7.76,clear sky
655,Helmbrechts,DE,50.2356,11.7159,39.33,96,24,4.0,few clouds
656,Shaunavon,CA,49.6501,-108.4181,40.78,40,1,10.38,clear sky
657,Alibag,IN,18.6411,72.8792,86.07,54,3,8.41,clear sky
658,Ulmu,RO,44.95,27.3167,44.46,64,10,5.03,clear sky
659,Warri,NG,5.5167,5.75,74.91,95,51,2.68,broken clouds
660,Santiago Del Estero,AR,-27.7951,-64.2615,79.81,23,40,16.53,scattered clouds
661,Cap Malheureux,MU,-19.9842,57.6142,77.47,63,0,7.0,clear sky
662,Chester,US,40.1254,-75.8749,54.84,87,1,0.0,clear sky
663,Svetlyy,RU,54.675,20.1347,55.45,90,100,13.49,overcast clouds
664,Bontang,ID,0.1333,117.5,85.42,67,71,7.45,broken clouds
665,Darnah,LY,32.767,22.6367,68.67,85,32,10.76,scattered clouds
666,Atambua,ID,-9.1061,124.8925,88.68,50,100,3.42,overcast clouds
667,Kathu,TH,7.9178,98.3332,87.69,85,100,9.78,overcast clouds
668,Tolaga Bay,NZ,-38.3667,178.3,63.36,87,100,7.07,overcast clouds
669,Diego De Almagro,CL,-26.3667,-70.05,63.07,28,0,1.54,clear sky
670,Raudeberg,NO,61.9875,5.1352,54.86,86,100,8.99,overcast clouds
671,Guerrero Negro,MX,27.9769,-114.0611,70.16,57,0,2.15,clear sky
672,Taksimo,RU,56.3444,114.8794,36.75,65,81,0.4,broken clouds
673,Pyaozerskiy,RU,65.8333,31.1667,24.21,91,100,5.53,overcast clouds
674,Rawson,AR,-43.3002,-65.1023,66.61,40,2,15.01,clear sky
675,Kayerkan,RU,69.3497,87.7602,-8.39,98,100,5.14,overcast clouds
676,Antofagasta,CL,-23.65,-70.4,58.28,71,35,4.74,scattered clouds
677,Uyskoye,RU,54.3775,60.0047,34.84,59,100,16.71,overcast clouds
678,Bonfim,BR,3.0833,-59.95,77.94,79,79,2.04,broken clouds
679,Xining,CN,36.6167,101.7667,41.85,62,68,1.72,broken clouds
680,Coreau,BR,-3.5333,-40.6567,75.61,78,30,2.75,scattered clouds
681,Kimbe,PG,-5.5502,150.1429,87.51,66,69,4.83,light rain
682,Yadgir,IN,16.7667,77.1333,79.05,48,41,11.3,scattered clouds
683,Houston,US,29.7633,-95.3633,69.84,58,40,3.0,scattered clouds
684,The Valley,AI,18.217,-63.0578,82.26,67,1,6.06,clear sky
685,Acari,PE,-15.4311,-74.6158,67.93,75,34,3.13,scattered clouds
686,Tuy Hoa,VN,13.0833,109.3,82.58,79,100,3.71,overcast clouds
687,Aripuana,BR,-9.1667,-60.6333,73.06,92,86,1.5,overcast clouds
688,Virginia Beach,US,36.8529,-75.978,66.25,71,90,4.61,overcast clouds
689,Espanola,US,35.9911,-106.0806,49.24,42,0,6.06,clear sky
690,Asekeyevo,RU,53.5742,52.7972,34.83,59,65,15.88,broken clouds
691,Schruns,AT,47.0709,9.9475,40.6,100,0,7.09,clear sky
692,Krasnyy Chikoy,RU,50.3643,108.7512,48.27,40,19,1.16,few clouds
693,Conde,BR,-7.2597,-34.9075,74.66,88,0,4.61,clear sky
694,Yeppoon,AU,-23.1333,150.7333,89.38,58,0,13.69,clear sky
